{
  "strategies_tested": 8,
  "best_strategy": "Direct Ensemble",
  "best_accuracy": 0.0625,
  "improvement_over_individual": -0.015625,
  "individual_performance": {
    "model_a": 0.078125,
    "model_b": 0.0625
  },
  "all_results": {
    "Direct Ensemble": 0.0625,
    "Weighted Average (0.7/0.3)": 0.0625,
    "Parameter Merging (50/50)": 0.046875,
    "Weighted Average (0.8/0.2)": 0.0625,
    "Weighted Average (0.6/0.4)": 0.0625,
    "Max Voting": 0.0625,
    "Parameter Merging (30/70)": 0.0625,
    "Parameter Merging (70/30)": 0.0625
  },
  "timing_results": {
    "Direct Ensemble": 0.0004658699035644531,
    "Weighted Average (0.7/0.3)": 0.0004940032958984375,
    "Parameter Merging (50/50)": 0.0006921291351318359,
    "Weighted Average (0.8/0.2)": 0.0006442070007324219,
    "Weighted Average (0.6/0.4)": 0.00047206878662109375,
    "Max Voting": 0.0004420280456542969,
    "Parameter Merging (30/70)": 0.0006330013275146484,
    "Parameter Merging (70/30)": 0.0005881786346435547
  }
}